id,first_name,last_name,email,gender,ip_address
1,Conrade,Melby,cmelby0@harvard.edu,Male,222.148.204.63
2,Dominick,Causbey,dcausbey1@ebay.co.uk,Male,14.166.135.128
3,Benjamin,Scyner,bscyner2@diigo.com,Male,92.177.37.74
4,Karrah,Eckersley,keckersley3@netlog.com,Female,85.223.228.236
5,Viviyan,Stobie,vstobie4@free.fr,Female,98.63.109.136
6,Rena,Sommerfeld,rsommerfeld5@irs.gov,Female,254.39.163.103
7,Egor,Whitmore,ewhitmore6@flavors.me,Male,61.213.79.191
8,Harlin,Hinzer,hhinzer7@cbslocal.com,Male,41.221.250.24
9,Yancey,Balcers,ybalcers8@amazon.co.jp,Male,128.84.71.44
10,Neala,Benam,nbenam9@who.int,Female,164.149.170.108
11,Whit,Chadbourne,wchadbournea@hhs.gov,Male,231.133.47.221
12,Fredek,Hordell,fhordellb@ustream.tv,Male,243.251.229.166
13,Dyane,Wormald,dwormaldc@squidoo.com,Female,201.122.60.23
14,Daffie,Offa,doffad@bloglines.com,Female,12.237.155.219
15,Giffie,Fylan,gfylane@ocn.ne.jp,Male,153.72.14.82
16,Roxana,Titherington,rtitheringtonf@stumbleupon.com,Female,228.228.200.135
17,Lorens,Postans,lpostansg@uiuc.edu,Male,99.24.0.194
18,Leanna,Storrah,lstorrahh@4shared.com,Female,182.78.167.193
19,Persis,Robillart,probillarti@webeden.co.uk,Female,76.231.124.79
20,Cosetta,O'Donnell,codonnellj@washington.edu,Female,36.110.61.140
21,Obadiah,Yakunchikov,oyakunchikovk@trellian.com,Male,183.162.67.12
22,Kimbra,Styan,kstyanl@booking.com,Female,51.209.151.245
23,Ogdan,Lowes,olowesm@utexas.edu,Male,148.62.155.35
24,Jeth,Rosenkrantz,jrosenkrantzn@tmall.com,Male,255.225.140.236
25,Dawn,Biggam,dbiggamo@weather.com,Female,150.3.220.187
26,Nil,Alforde,nalfordep@paypal.com,Male,84.227.13.248
27,Blythe,Yurkiewicz,byurkiewiczq@microsoft.com,Female,228.116.55.85
28,Chan,Buckingham,cbuckinghamr@opera.com,Male,158.7.241.136
29,Ellette,Bruckner,ebruckners@blinklist.com,Female,20.133.2.9
30,Wade,Haskew,whaskewt@nhs.uk,Male,118.177.196.58
31,Letty,Astley,lastleyu@un.org,Female,171.52.214.15
32,Kerwin,Sapson,ksapsonv@yelp.com,Male,152.88.97.103
33,Harriett,Cains,hcainsw@businessweek.com,Female,130.206.255.149
34,Roobbie,Bulbeck,rbulbeckx@webmd.com,Female,66.249.85.181
35,Gibby,Brickett,gbricketty@psu.edu,Male,225.249.221.71
36,Hansiain,Abeles,habelesz@issuu.com,Male,9.40.115.122
37,Chaim,O' Donohoe,codonohoe10@miibeian.gov.cn,Male,233.243.3.122
38,Clarita,Dallaghan,cdallaghan11@cbslocal.com,Female,140.104.202.76
39,Lizzie,Peeke,lpeeke12@apple.com,Female,114.245.95.117
40,Jimmy,Hammerstone,jhammerstone13@google.co.jp,Male,174.24.162.105
41,Cammi,Baigrie,cbaigrie14@google.de,Female,208.48.183.113
42,Tybie,Kidder,tkidder15@google.cn,Female,162.69.53.5
43,Arty,Sima,asima16@mediafire.com,Male,196.37.179.176
44,Sacha,Baudry,sbaudry17@woothemes.com,Female,22.30.15.35
45,Rouvin,Prenty,rprenty18@google.fr,Male,212.28.63.80
46,Janean,Vasler,jvasler19@illinois.edu,Female,224.73.196.73
47,Ambrose,Menis,amenis1a@ted.com,Male,242.21.41.183
48,Karlotta,Varker,kvarker1b@yale.edu,Female,239.99.133.28
49,Evelin,Dizlie,edizlie1c@icq.com,Male,129.123.87.32
50,Opal,Gerding,ogerding1d@sohu.com,Female,191.151.225.243
51,Hart,Priestman,hpriestman1e@guardian.co.uk,Male,196.244.45.42
52,Terrye,Ghiotto,tghiotto1f@shareasale.com,Female,240.235.70.40
53,Harbert,Gomery,hgomery1g@youtu.be,Male,95.220.33.119
54,Constantine,Kneale,ckneale1h@google.ru,Female,249.111.5.62
55,Agustin,Buttress,abuttress1i@barnesandnoble.com,Male,148.219.125.8
56,Jeanine,Gromley,jgromley1j@nyu.edu,Female,199.117.170.146
57,Brennen,Carriage,bcarriage1k@yahoo.co.jp,Male,128.218.239.56
58,Pascale,Petri,ppetri1l@bluehost.com,Male,143.209.11.215
59,Lilah,Garstang,lgarstang1m@constantcontact.com,Female,241.99.164.236
60,Sherwood,Davidge,sdavidge1n@google.co.jp,Male,69.229.151.207
61,Conny,Solano,csolano1o@vk.com,Male,114.221.95.178
62,Dilly,Stable,dstable1p@dell.com,Male,43.69.202.60
63,Yetta,Walaron,ywalaron1q@xrea.com,Female,206.243.228.252
64,North,McCumskay,nmccumskay1r@wordpress.com,Male,238.147.97.59
65,Marcellina,Fone,mfone1s@com.com,Female,9.63.62.236
66,Jennine,Doggerell,jdoggerell1t@cbslocal.com,Female,216.163.7.134
67,Sissie,Routh,srouth1u@list-manage.com,Female,251.133.122.76
68,Pierce,Bentjens,pbentjens1v@tinyurl.com,Male,252.201.41.100
69,Colman,Nash,cnash1w@ustream.tv,Male,131.107.139.30
70,Obidiah,Kapelhoff,okapelhoff1x@multiply.com,Male,97.70.231.202
71,Ailsun,Chatan,achatan1y@berkeley.edu,Female,220.188.31.225
72,Hinda,Haszard,hhaszard1z@gravatar.com,Female,227.62.86.148
73,Shelba,Blankley,sblankley20@archive.org,Female,187.253.34.210
74,Frants,Treweek,ftreweek21@forbes.com,Male,181.225.206.199
75,Darnall,O'Donohue,dodonohue22@mozilla.com,Male,242.20.221.254
76,Gnni,Aldwich,galdwich23@tumblr.com,Female,193.164.80.36
77,Faythe,Rosensaft,frosensaft24@redcross.org,Female,165.119.22.92
78,Levy,Clissell,lclissell25@seesaa.net,Male,134.161.17.141
79,Hillard,Moodey,hmoodey26@europa.eu,Male,124.143.78.145
80,Hebert,Littlefield,hlittlefield27@microsoft.com,Male,193.33.11.13
81,Randal,Jimson,rjimson28@independent.co.uk,Male,155.214.221.158
82,Marline,Ambrose,mambrose29@mtv.com,Female,144.238.144.93
83,Jamie,Hallows,jhallows2a@va.gov,Male,116.52.20.233
84,Nydia,Lamperd,nlamperd2b@mapy.cz,Female,180.139.241.178
85,Caspar,Hitzmann,chitzmann2c@tumblr.com,Male,197.114.249.123
86,Earle,Rosendahl,erosendahl2d@mail.ru,Male,70.245.28.225
87,Obie,Counsell,ocounsell2e@tripadvisor.com,Male,32.60.0.254
88,De,Lumsdall,dlumsdall2f@smugmug.com,Female,149.166.139.35
89,Janek,Thom,jthom2g@weebly.com,Male,156.118.142.201
90,Jemmy,Laker,jlaker2h@unesco.org,Female,68.102.211.217
91,Erny,Clotworthy,eclotworthy2i@army.mil,Male,207.47.56.59
92,Grantham,Lecordier,glecordier2j@last.fm,Male,160.163.32.98
93,Venus,Altree,valtree2k@reuters.com,Female,103.132.56.203
94,Tammi,Carrabott,tcarrabott2l@elpais.com,Female,237.86.187.142
95,Heloise,Castanares,hcastanares2m@businessinsider.com,Female,247.162.83.163
96,Stanislas,Esland,sesland2n@dailymail.co.uk,Male,199.16.19.83
97,Philipa,Willgress,pwillgress2o@reverbnation.com,Female,180.241.23.157
98,Edin,Stoute,estoute2p@moonfruit.com,Female,3.28.167.133
99,Teodorico,Hallor,thallor2q@vinaora.com,Male,159.102.241.180
100,Dierdre,Rawle,drawle2r@about.me,Female,15.172.8.21
101,Hillie,Rawnsley,hrawnsley2s@ameblo.jp,Male,168.184.247.136
102,Edy,Brimacombe,ebrimacombe2t@meetup.com,Female,35.59.150.57
103,Tasha,Buckell,tbuckell2u@indiatimes.com,Female,77.96.15.129
104,Jeromy,Greenig,jgreenig2v@about.com,Male,187.215.247.162
105,Rowan,Allchin,rallchin2w@icq.com,Male,228.252.134.231
106,Cori,Aers,caers2x@walmart.com,Male,112.114.135.174
107,Myrle,Iacomi,miacomi2y@utexas.edu,Female,148.77.227.249
108,Mateo,Fairholme,mfairholme2z@fastcompany.com,Male,100.161.187.109
109,Jephthah,Baselli,jbaselli30@mysql.com,Male,202.233.244.152
110,Tabbatha,Volante,tvolante31@harvard.edu,Female,187.245.181.93
111,Keefer,Hurst,khurst32@hubpages.com,Male,57.250.244.69
112,Kirby,Sloat,ksloat33@howstuffworks.com,Female,50.197.145.93
113,Lynett,Groveham,lgroveham34@nasa.gov,Female,176.251.205.99
114,Kerwin,Jakucewicz,kjakucewicz35@state.gov,Male,2.184.75.253
115,Prissie,Lockart,plockart36@networksolutions.com,Female,19.75.155.102
116,Ardra,Wikey,awikey37@princeton.edu,Female,77.112.32.252
117,Jackson,Sainsberry,jsainsberry38@ocn.ne.jp,Male,247.214.193.138
118,Fifi,Rowet,frowet39@flickr.com,Female,34.193.175.16
119,Arabelle,Iddons,aiddons3a@cbsnews.com,Female,67.69.199.49
120,Drud,Exley,dexley3b@discuz.net,Male,162.120.124.217
121,Ursulina,Comellini,ucomellini3c@abc.net.au,Female,115.248.184.73
122,Sandy,O'Carran,socarran3d@sciencedaily.com,Female,124.149.163.138
123,Brnaby,Dyde,bdyde3e@sciencedirect.com,Male,159.32.177.116
124,Tynan,Stower,tstower3f@indiegogo.com,Male,68.210.23.251
125,Tarrah,Feeny,tfeeny3g@google.cn,Female,254.55.214.107
126,Simone,Braybrooke,sbraybrooke3h@oakley.com,Male,244.117.96.5
127,Jacklyn,Bengal,jbengal3i@nsw.gov.au,Female,31.61.100.2
128,Tedie,Hessle,thessle3j@mac.com,Male,67.115.82.218
129,Barbabra,Mallatratt,bmallatratt3k@cdc.gov,Female,109.204.183.24
130,Nettle,Wathall,nwathall3l@w3.org,Female,15.95.9.94
131,Britteny,Elloway,belloway3m@blogtalkradio.com,Female,23.190.203.206
132,Enos,Cordall,ecordall3n@typepad.com,Male,185.178.100.51
133,Gordie,Laffan,glaffan3o@lycos.com,Male,218.149.3.181
134,Karee,O'Sheilds,kosheilds3p@theatlantic.com,Female,106.103.244.33
135,Karoly,Pafford,kpafford3q@odnoklassniki.ru,Female,156.115.92.234
136,Gaylene,Jenton,gjenton3r@hc360.com,Female,63.244.8.159
137,Pat,Dikles,pdikles3s@mapquest.com,Female,221.248.35.152
138,Elke,O'Lyhane,eolyhane3t@google.it,Female,219.195.199.193
139,Blancha,Ternault,bternault3u@sourceforge.net,Female,123.49.64.75
140,Jaquelyn,Petrosian,jpetrosian3v@buzzfeed.com,Female,84.222.162.10
141,Perl,Bertelmot,pbertelmot3w@elpais.com,Female,212.12.79.97
142,Orren,Selwyn,oselwyn3x@pbs.org,Male,210.246.177.135
143,Spence,Hegel,shegel3y@businesswire.com,Male,42.180.68.248
144,Andrew,Deabill,adeabill3z@wikispaces.com,Male,243.146.142.127
145,Hedda,Filipchikov,hfilipchikov40@yellowbook.com,Female,174.97.114.240
146,Rafe,Tunniclisse,rtunniclisse41@cisco.com,Male,56.63.186.157
147,Ardelis,Cooling,acooling42@slideshare.net,Female,27.198.133.29
148,Taffy,Halliburton,thalliburton43@japanpost.jp,Female,183.232.255.44
149,Lorena,Voak,lvoak44@xinhuanet.com,Female,104.17.95.83
150,Garfield,Glander,gglander45@sakura.ne.jp,Male,243.251.72.131
151,Kelcie,Rusted,krusted46@blogtalkradio.com,Female,211.175.236.22
152,Stephanus,De Giorgio,sdegiorgio47@adobe.com,Male,154.114.99.31
153,Kile,Arne,karne48@cnet.com,Male,148.44.211.45
154,Hedi,Dorrity,hdorrity49@eventbrite.com,Female,137.167.237.14
155,Janaya,Durbyn,jdurbyn4a@studiopress.com,Female,243.19.62.238
156,Jone,Wilford,jwilford4b@so-net.ne.jp,Male,46.61.222.31
157,Joyan,Grigoriev,jgrigoriev4c@zimbio.com,Female,156.60.142.75
158,Curry,Pane,cpane4d@yandex.ru,Male,148.60.104.152
159,Leann,Kellough,lkellough4e@free.fr,Female,198.232.228.222
160,Massimo,Mowle,mmowle4f@fema.gov,Male,247.251.217.159
161,Herculie,Matuszyk,hmatuszyk4g@icq.com,Male,212.212.182.48
162,Wald,Kimble,wkimble4h@illinois.edu,Male,73.210.99.237
163,Silvie,Banister,sbanister4i@tuttocitta.it,Female,70.104.108.187
164,Gib,Idney,gidney4j@cafepress.com,Male,105.169.153.147
165,Read,Bernasek,rbernasek4k@washington.edu,Male,199.139.182.81
166,Helga,Swine,hswine4l@loc.gov,Female,104.40.6.233
167,Maddi,Ayrs,mayrs4m@whitehouse.gov,Female,172.20.248.76
168,Ericha,Seston,eseston4n@weather.com,Female,76.191.187.114
169,Ulrikaumeko,Capun,ucapun4o@aol.com,Female,157.120.148.112
170,Cecilia,Dorrington,cdorrington4p@imdb.com,Female,34.34.42.57
171,Dona,Morley,dmorley4q@walmart.com,Female,231.225.239.39
172,Phyllida,Male,pmale4r@reuters.com,Female,21.144.236.153
173,Thelma,Paridge,tparidge4s@github.io,Female,235.8.93.200
174,Thor,Jollye,tjollye4t@mac.com,Male,250.245.57.86
175,Dallas,Ager,dager4u@twitpic.com,Female,148.84.174.105
176,Patricio,Dellenbrook,pdellenbrook4v@joomla.org,Male,106.239.126.82
177,Stearne,Mutter,smutter4w@sciencedirect.com,Male,113.104.70.242
178,Cindy,Spino,cspino4x@google.co.uk,Female,52.173.179.246
179,Cybill,Prue,cprue4y@gnu.org,Female,236.201.207.161
180,Tiphany,Frantz,tfrantz4z@wiley.com,Female,105.230.195.157
181,Sayre,Midford,smidford50@moonfruit.com,Male,43.72.178.74
182,Alla,Eberz,aeberz51@tmall.com,Female,139.185.248.109
183,Jourdain,Pettifor,jpettifor52@tamu.edu,Male,113.92.66.31
184,King,Fairlam,kfairlam53@ibm.com,Male,42.14.94.219
185,Cos,Mattea,cmattea54@163.com,Male,118.222.52.75
186,Lock,Hamlett,lhamlett55@google.co.uk,Male,246.151.21.135
187,Binnie,Ivakhnov,bivakhnov56@booking.com,Female,112.181.119.28
188,Joyann,Maudling,jmaudling57@naver.com,Female,224.193.23.221
189,Correy,de Vaen,cdevaen58@yale.edu,Male,100.89.218.203
190,Mercedes,Roizin,mroizin59@plala.or.jp,Female,140.6.74.253
191,Saxe,Tuvey,stuvey5a@nifty.com,Male,207.230.36.38
192,Ernaline,Angless,eangless5b@deviantart.com,Female,174.174.241.51
193,Whitney,Howgego,whowgego5c@slashdot.org,Female,32.143.87.172
194,Herold,Coopey,hcoopey5d@about.me,Male,247.84.117.198
195,Mallory,Belison,mbelison5e@adobe.com,Male,240.235.95.137
196,Tiffani,Hugnot,thugnot5f@arizona.edu,Female,103.53.157.160
197,Kale,Bulley,kbulley5g@vistaprint.com,Male,96.171.102.168
198,Garland,Shelliday,gshelliday5h@dagondesign.com,Female,154.89.173.14
199,Priscilla,Van Oord,pvanoord5i@godaddy.com,Female,38.32.71.145
200,Rutherford,Biesinger,rbiesinger5j@shinystat.com,Male,41.199.227.127
201,Panchito,Bensen,pbensen5k@techcrunch.com,Male,4.18.18.120
202,Gran,Tooby,gtooby5l@blogger.com,Male,74.185.174.87
203,Alecia,Rahl,arahl5m@omniture.com,Female,84.110.219.45
204,Wiley,Adlard,wadlard5n@fastcompany.com,Male,191.98.91.2
205,Erny,Gribble,egribble5o@etsy.com,Male,96.213.200.131
206,Liane,Mathieu,lmathieu5p@trellian.com,Female,63.102.45.192
207,Martynne,Vaughan-Hughes,mvaughanhughes5q@ox.ac.uk,Female,102.241.154.95
208,Rodolfo,Sebborn,rsebborn5r@archive.org,Male,202.168.141.59
209,Hobie,Frostdick,hfrostdick5s@marketwatch.com,Male,11.186.75.85
210,Talbert,Heeley,theeley5t@mozilla.org,Male,135.138.37.33
211,Robina,Malec,rmalec5u@washington.edu,Female,189.244.87.36
212,Octavius,Buscombe,obuscombe5v@washingtonpost.com,Male,191.14.220.18
213,Wat,Papen,wpapen5w@aboutads.info,Male,127.218.208.97
214,Finley,Bourton,fbourton5x@goo.ne.jp,Male,112.128.193.91
215,Anatollo,Bumphries,abumphries5y@gmpg.org,Male,81.192.226.202
216,Steward,McIlwrick,smcilwrick5z@ovh.net,Male,246.0.25.94
217,Kala,Doudney,kdoudney60@wiley.com,Female,241.110.13.104
218,Matty,Kerby,mkerby61@seesaa.net,Male,136.135.132.32
219,Tallulah,Rhymer,trhymer62@mediafire.com,Female,171.119.151.218
220,Marshal,Duberry,mduberry63@imdb.com,Male,230.50.213.94
221,Myra,Hellsdon,mhellsdon64@hao123.com,Female,101.166.195.78
222,Terri,Shilladay,tshilladay65@jugem.jp,Male,108.180.173.50
223,Thorndike,Rief,trief66@nps.gov,Male,95.134.112.41
224,Brianne,Murrells,bmurrells67@amazon.com,Female,248.171.29.225
225,Nappie,Slimm,nslimm68@networkadvertising.org,Male,103.118.43.120
226,Tabb,Davidde,tdavidde69@indiatimes.com,Male,95.42.181.112
227,Timmie,Jaggi,tjaggi6a@techcrunch.com,Female,38.168.49.46
228,Aksel,Glanister,aglanister6b@army.mil,Male,121.130.243.13
229,Robbyn,Landsbury,rlandsbury6c@printfriendly.com,Female,232.141.245.101
230,Davis,State,dstate6d@facebook.com,Male,5.242.138.123
231,Berty,Domico,bdomico6e@google.co.uk,Male,102.109.209.216
232,Devan,Leyburn,dleyburn6f@latimes.com,Female,192.148.128.162
233,Mavra,Hardie,mhardie6g@toplist.cz,Female,33.26.177.95
234,Anthe,Hallet,ahallet6h@sohu.com,Female,211.41.96.86
235,Agnella,Catterall,acatterall6i@parallels.com,Female,201.77.83.78
236,Tomaso,McDyer,tmcdyer6j@artisteer.com,Male,232.205.242.126
237,Stacia,Glavias,sglavias6k@surveymonkey.com,Female,83.100.20.71
238,Romy,Boud,rboud6l@goo.ne.jp,Female,71.73.104.116
239,Friederike,Bickerdike,fbickerdike6m@amazon.co.jp,Female,145.163.54.211
240,Pail,Bimson,pbimson6n@soup.io,Male,195.108.36.148
241,Celie,Ricker,cricker6o@ihg.com,Female,218.28.250.238
242,Kristo,Frenzl,kfrenzl6p@nsw.gov.au,Male,26.142.136.141
243,Byran,Henrot,bhenrot6q@i2i.jp,Male,72.245.200.109
244,Alfy,Rubertis,arubertis6r@about.me,Female,25.161.80.226
245,Nicolai,Coffee,ncoffee6s@twitpic.com,Male,193.174.218.135
246,Welby,Nobles,wnobles6t@stumbleupon.com,Male,174.148.140.111
247,Keriann,Burras,kburras6u@domainmarket.com,Female,86.77.49.175
248,Teodoro,Espinas,tespinas6v@hibu.com,Male,2.77.107.74
249,Eydie,Hardinge,ehardinge6w@amazon.co.uk,Female,202.149.144.84
250,Monika,Putley,mputley6x@nasa.gov,Female,2.62.157.254
251,Ernest,Gregoire,egregoire6y@dyndns.org,Male,48.83.237.175
252,Pooh,Stadden,pstadden6z@smugmug.com,Female,95.223.133.237
253,Adan,Ivanenko,aivanenko70@list-manage.com,Male,184.57.176.216
254,Chloette,Leipelt,cleipelt71@imgur.com,Female,117.59.158.173
255,Ardis,McCaughey,amccaughey72@ted.com,Female,142.105.134.203
256,Stanislaw,Skeath,sskeath73@phpbb.com,Male,90.43.170.232
257,Maximo,Shorthouse,mshorthouse74@economist.com,Male,152.88.140.90
258,Laurena,Staite,lstaite75@stumbleupon.com,Female,23.0.13.57
259,Isidore,Pillinger,ipillinger76@hostgator.com,Male,78.180.8.100
260,Ardella,Collymore,acollymore77@ca.gov,Female,68.89.45.189
261,Jan,Palliser,jpalliser78@scribd.com,Male,195.166.13.107
262,Annemarie,Cicchillo,acicchillo79@tmall.com,Female,255.30.226.177
263,Parnell,Mowne,pmowne7a@cisco.com,Male,228.80.196.31
264,Flem,Mosen,fmosen7b@sphinn.com,Male,113.204.119.193
265,Lurette,Walder,lwalder7c@t.co,Female,249.137.139.239
266,Felicle,Luckcock,fluckcock7d@newsvine.com,Female,16.204.18.17
267,Bliss,Brahams,bbrahams7e@cdbaby.com,Female,184.105.143.80
268,Bealle,Heeney,bheeney7f@squidoo.com,Male,189.173.2.189
269,Rowland,Downey,rdowney7g@cmu.edu,Male,200.90.145.195
270,Claus,Elsmore,celsmore7h@gravatar.com,Male,226.36.69.251
271,Chrissy,Dinnis,cdinnis7i@pcworld.com,Male,112.250.198.157
272,Michaela,Hadcroft,mhadcroft7j@wisc.edu,Female,232.53.122.43
273,Theressa,de Leon,tdeleon7k@webmd.com,Female,64.252.58.54
274,Richardo,Arnaudin,rarnaudin7l@woothemes.com,Male,120.73.12.59
275,Dale,Annion,dannion7m@statcounter.com,Male,180.195.153.123
276,Fergus,Hawthorne,fhawthorne7n@wunderground.com,Male,95.40.180.36
277,Issie,Bullon,ibullon7o@mlb.com,Female,13.58.169.191
278,Antonin,Pariso,apariso7p@abc.net.au,Male,248.139.129.172
279,Shela,Maycey,smaycey7q@istockphoto.com,Female,113.237.184.248
280,Ianthe,Badgers,ibadgers7r@nifty.com,Female,67.118.197.168
281,Madison,Beart,mbeart7s@hubpages.com,Male,180.139.221.104
282,Maure,Valintine,mvalintine7t@cpanel.net,Female,122.108.217.176
283,Joey,Tethcote,jtethcote7u@jigsy.com,Male,242.155.130.181
284,Elvyn,Le Marchand,elemarchand7v@china.com.cn,Male,189.55.22.190
285,Gavin,Pauletti,gpauletti7w@icio.us,Male,75.99.243.107
286,Romola,McKinlay,rmckinlay7x@printfriendly.com,Female,179.136.6.20
287,Mandy,Cockerell,mcockerell7y@php.net,Female,248.134.125.34
288,Padgett,Olijve,polijve7z@parallels.com,Male,2.91.204.166
289,Rosemaria,Graeser,rgraeser80@163.com,Female,7.102.14.77
290,Goldie,Twigger,gtwigger81@elegantthemes.com,Female,228.42.110.35
291,Lucine,Bilbrook,lbilbrook82@theguardian.com,Female,91.172.56.234
292,Mohandis,Jinkin,mjinkin83@bloglines.com,Male,48.238.210.238
293,Alexine,Feifer,afeifer84@ihg.com,Female,46.184.0.18
294,Mayne,Elsdon,melsdon85@wix.com,Male,201.12.19.221
295,Patricio,De Benedictis,pdebenedictis86@hc360.com,Male,238.151.95.249
296,Shane,Shepherd,sshepherd87@opensource.org,Female,32.229.30.201
297,Darryl,Ericssen,dericssen88@blogspot.com,Female,79.78.16.73
298,Tammie,Jaime,tjaime89@sun.com,Female,151.39.6.86
299,Benson,Gotling,bgotling8a@un.org,Male,2.20.57.189
300,Jenny,Guillard,jguillard8b@twitpic.com,Female,247.219.130.228
301,Kyle,Dundon,kdundon8c@tiny.cc,Female,225.84.160.53
302,Milzie,Cartmer,mcartmer8d@tamu.edu,Female,100.36.157.249
303,Manny,D'Orsay,mdorsay8e@drupal.org,Male,24.31.245.162
304,Melicent,Conradsen,mconradsen8f@arstechnica.com,Female,77.28.74.125
305,Gill,Maun,gmaun8g@sohu.com,Female,83.204.194.203
306,Sophey,Tower,stower8h@google.it,Female,79.206.197.146
307,Modestine,Boken,mboken8i@berkeley.edu,Female,84.85.131.116
308,Brannon,Flanaghan,bflanaghan8j@eventbrite.com,Male,31.134.34.239
309,Sutherlan,Bowick,sbowick8k@addtoany.com,Male,167.213.211.242
310,Beatrix,Jaqueminet,bjaqueminet8l@bloglovin.com,Female,136.153.161.175
311,Pablo,Fenne,pfenne8m@wordpress.com,Male,124.144.186.160
312,Ailyn,Kennea,akennea8n@baidu.com,Female,196.38.97.159
313,Rachelle,Vel,rvel8o@nps.gov,Female,191.212.211.15
314,Allard,Abthorpe,aabthorpe8p@latimes.com,Male,30.48.164.252
315,Ashley,Doyland,adoyland8q@cpanel.net,Male,249.149.60.43
316,Concordia,O'Flaverty,coflaverty8r@amazon.com,Female,195.10.169.241
317,Arie,Endersby,aendersby8s@geocities.jp,Male,98.245.53.117
318,Sidoney,Gaynsford,sgaynsford8t@fotki.com,Female,129.192.152.93
319,Keriann,Mickan,kmickan8u@youtube.com,Female,139.8.136.252
320,Norina,Rowbrey,nrowbrey8v@hud.gov,Female,247.186.68.35
321,Hussein,Ewbanke,hewbanke8w@woothemes.com,Male,47.191.2.44
322,Dane,Fereday,dfereday8x@qq.com,Male,93.176.102.66
323,Archer,Dougary,adougary8y@sogou.com,Male,12.221.6.118
324,Perkin,Troucher,ptroucher8z@people.com.cn,Male,157.194.6.114
325,Yurik,Corkill,ycorkill90@tmall.com,Male,168.47.175.245
326,Hunter,Halmkin,hhalmkin91@economist.com,Male,200.168.159.28
327,Haily,Meekin,hmeekin92@nba.com,Male,95.20.139.127
328,Burl,Laverenz,blaverenz93@comcast.net,Male,159.110.183.206
329,Lennie,Thandi,lthandi94@pagesperso-orange.fr,Male,2.162.153.247
330,Rowen,Frawley,rfrawley95@answers.com,Male,94.175.236.29
331,Andriana,Bertwistle,abertwistle96@ustream.tv,Female,84.26.6.170
332,Keriann,McClenan,kmcclenan97@theatlantic.com,Female,236.251.90.49
333,Corey,Pulfer,cpulfer98@yolasite.com,Male,32.249.226.34
334,Teddie,Filyushkin,tfilyushkin99@sciencedaily.com,Female,192.183.109.56
335,Clarette,Vedekhov,cvedekhov9a@zdnet.com,Female,40.229.169.72
336,June,Pina,jpina9b@deliciousdays.com,Female,155.230.238.114
337,Melina,Andres,mandres9c@statcounter.com,Female,139.144.249.180
338,Ilario,Fullilove,ifullilove9d@jugem.jp,Male,86.168.148.216
339,Evelina,Kuhlmey,ekuhlmey9e@cnbc.com,Female,162.68.14.179
340,Lucky,Yegorchenkov,lyegorchenkov9f@pbs.org,Female,254.15.172.7
341,Emogene,Hunt,ehunt9g@mapquest.com,Female,162.180.161.110
342,Iolanthe,Castello,icastello9h@arstechnica.com,Female,187.172.167.219
343,Wyatan,Gergher,wgergher9i@sun.com,Male,214.198.89.240
344,Prentiss,D'Oyley,pdoyley9j@indiegogo.com,Male,96.243.194.234
345,Ossie,Girault,ogirault9k@canalblog.com,Male,249.43.166.92
346,Xena,Collacombe,xcollacombe9l@mail.ru,Female,152.245.84.29
347,Vivien,Brunsden,vbrunsden9m@homestead.com,Female,163.217.127.237
348,Loren,Andre,landre9n@aol.com,Male,191.39.110.97
349,Lucine,Strathdee,lstrathdee9o@earthlink.net,Female,174.118.197.83
350,Allyn,Holtham,aholtham9p@scientificamerican.com,Female,200.62.163.15
351,Dicky,Klarzynski,dklarzynski9q@zimbio.com,Male,37.53.58.18
352,Bess,Neiland,bneiland9r@webmd.com,Female,7.122.47.149
353,Fleming,Van Schafflaer,fvanschafflaer9s@blogspot.com,Male,184.121.135.239
354,Kris,Salmen,ksalmen9t@slate.com,Female,54.116.87.197
355,Carling,Senchenko,csenchenko9u@chron.com,Male,27.154.103.37
356,Miner,Murrish,mmurrish9v@google.com.br,Male,156.90.149.42
357,Moyna,Rosengarten,mrosengarten9w@tumblr.com,Female,74.46.7.230
358,Kimbell,Denziloe,kdenziloe9x@fc2.com,Male,238.10.174.145
359,Kristyn,Coope,kcoope9y@scientificamerican.com,Female,20.160.238.199
360,Hugibert,Pestricke,hpestricke9z@google.com.au,Male,18.168.13.213
361,Alex,Caudell,acaudella0@rediff.com,Female,214.218.255.210
362,Twyla,Anwyl,tanwyla1@guardian.co.uk,Female,197.240.223.56
363,Lucais,Sarsons,lsarsonsa2@squarespace.com,Male,117.187.159.230
364,Chucho,Pennicard,cpennicarda3@dyndns.org,Male,222.221.164.221
365,Kev,Mulholland,kmulhollanda4@constantcontact.com,Male,217.66.21.71
366,Sukey,Suttle,ssuttlea5@techcrunch.com,Female,175.119.75.183
367,Zorine,Antham,zanthama6@alibaba.com,Female,131.93.180.188
368,Katy,Mougenel,kmougenela7@sfgate.com,Female,5.186.55.206
369,Amberly,Hurche,ahurchea8@europa.eu,Female,210.75.29.239
370,Chaddie,Severn,cseverna9@sina.com.cn,Male,207.178.114.35
371,Heinrick,Edwardson,hedwardsonaa@desdev.cn,Male,133.235.34.24
372,Genna,Melwall,gmelwallab@flickr.com,Female,121.80.165.51
373,Heath,Blayney,hblayneyac@patch.com,Female,74.56.122.243
374,Page,Riccelli,priccelliad@smh.com.au,Female,110.94.88.24
375,Lorene,Birnie,lbirnieae@disqus.com,Female,61.83.226.129
376,Jilleen,Blindt,jblindtaf@ning.com,Female,73.221.64.151
377,Brynna,Whorlton,bwhorltonag@surveymonkey.com,Female,31.147.58.127
378,Frankie,Stebbings,fstebbingsah@imdb.com,Female,254.155.27.50
379,Vic,Cobbe,vcobbeai@reference.com,Male,137.115.200.212
380,Minta,Ellam,mellamaj@vk.com,Female,255.41.220.76
381,Eryn,Wraxall,ewraxallak@tinypic.com,Female,147.182.184.62
382,Zuzana,Shwalbe,zshwalbeal@auda.org.au,Female,45.220.102.149
383,Christoforo,Pott,cpottam@jigsy.com,Male,251.102.128.110
384,Vina,Jaslem,vjasleman@linkedin.com,Female,58.196.219.160
385,Gallard,McClymont,gmcclymontao@sphinn.com,Male,242.115.38.148
386,Virginie,McTrusty,vmctrustyap@spotify.com,Female,230.54.152.192
387,Jackelyn,Deboy,jdeboyaq@google.co.jp,Female,226.102.69.137
388,Michell,Branthwaite,mbranthwaitear@nasa.gov,Female,158.149.95.225
389,Valerye,Mathet,vmathetas@newsvine.com,Female,233.5.209.250
390,Gaylord,Jeaneau,gjeaneauat@amazon.co.uk,Male,93.25.212.4
391,Ingelbert,Watt,iwattau@mit.edu,Male,71.51.226.183
392,Mata,Scimone,mscimoneav@freewebs.com,Male,3.224.29.198
393,Chelsy,Paskell,cpaskellaw@marketwatch.com,Female,66.47.14.8
394,Linzy,Tidbold,ltidboldax@rakuten.co.jp,Female,43.19.181.140
395,Gaelan,Imlin,gimlinay@ezinearticles.com,Male,135.235.197.99
396,Aurora,Redolfi,aredolfiaz@ehow.com,Female,218.196.186.131
397,Derwin,Calafate,dcalafateb0@furl.net,Male,203.51.110.160
398,Marvin,Aldous,maldousb1@google.es,Male,169.170.181.136
399,Genny,Course,gcourseb2@sphinn.com,Female,246.9.188.119
400,Lyndsie,Bock,lbockb3@slideshare.net,Female,89.21.174.243
401,Corie,Bosward,cboswardb4@bravesites.com,Female,160.147.174.190
402,Antin,Zupo,azupob5@yellowbook.com,Male,130.113.233.61
403,Bondon,Seak,bseakb6@narod.ru,Male,50.167.17.114
404,Gabriella,Lias,gliasb7@umich.edu,Female,144.159.55.93
405,Peadar,Martyns,pmartynsb8@nba.com,Male,49.124.212.89
406,Benoite,Parrot,bparrotb9@diigo.com,Female,38.221.59.14
407,Regina,Landeaux,rlandeauxba@usnews.com,Female,16.189.235.119
408,Dania,Esson,dessonbb@a8.net,Female,25.148.191.35
409,Andriette,Creaser,acreaserbc@biglobe.ne.jp,Female,31.56.244.188
410,Ansley,Figurski,afigurskibd@abc.net.au,Female,106.25.235.104
411,Claiborne,Earthfield,cearthfieldbe@geocities.com,Male,156.21.69.51
412,Maure,Featherstonhaugh,mfeatherstonhaughbf@spiegel.de,Female,10.47.37.225
413,Correna,Bigg,cbiggbg@who.int,Female,112.92.23.213
414,Oswell,Craxford,ocraxfordbh@bbc.co.uk,Male,40.32.233.62
415,Archaimbaud,Sebert,asebertbi@archive.org,Male,232.159.68.188
416,Andras,Asplen,aasplenbj@ox.ac.uk,Male,57.216.169.255
417,Adah,Tilly,atillybk@over-blog.com,Female,144.194.168.50
418,Lydie,Ladewig,lladewigbl@noaa.gov,Female,212.145.42.131
419,Delaney,Copin,dcopinbm@time.com,Male,151.178.157.81
420,Beatrisa,Omrod,bomrodbn@ucoz.ru,Female,137.32.171.76
421,Bernie,Meaton,bmeatonbo@multiply.com,Female,80.223.34.179
422,Jeff,Sibray,jsibraybp@usa.gov,Male,68.210.127.217
423,Gregorio,Luckcuck,gluckcuckbq@ed.gov,Male,66.167.204.138
424,Agathe,Furmedge,afurmedgebr@1688.com,Female,162.125.139.188
425,Olympe,Ledur,oledurbs@dot.gov,Female,80.113.28.102
426,Garth,Penning,gpenningbt@telegraph.co.uk,Male,144.240.179.118
427,Carline,Corradeschi,ccorradeschibu@github.io,Female,12.228.210.230
428,Cosme,Gianolini,cgianolinibv@is.gd,Male,24.165.217.99
429,Gale,Berling,gberlingbw@examiner.com,Female,86.99.170.127
430,Orv,Ready,oreadybx@hexun.com,Male,103.236.154.231
431,Lia,Flury,lfluryby@howstuffworks.com,Female,187.222.154.219
432,Tomasina,Leven,tlevenbz@unc.edu,Female,7.144.48.218
433,Cthrine,von Grollmann,cvongrollmannc0@walmart.com,Female,158.65.114.24
434,Karlene,Prichet,kprichetc1@barnesandnoble.com,Female,84.18.210.204
435,Renault,Levington,rlevingtonc2@google.nl,Male,21.56.56.59
436,Catlaina,MacGorman,cmacgormanc3@ebay.com,Female,111.135.36.138
437,Bobbette,Keelin,bkeelinc4@abc.net.au,Female,207.182.207.32
438,Hart,Wapplington,hwapplingtonc5@angelfire.com,Male,35.17.158.125
439,Audra,Ygo,aygoc6@nyu.edu,Female,124.221.213.72
440,Basilio,Jiranek,bjiranekc7@bigcartel.com,Male,208.251.61.203
441,Esther,Cowlin,ecowlinc8@fastcompany.com,Female,93.210.14.124
442,Norina,Paddison,npaddisonc9@japanpost.jp,Female,207.71.201.147
443,Chrotoem,Giotto,cgiottoca@reuters.com,Male,100.80.27.165
444,Lea,Dhennin,ldhennincb@virginia.edu,Female,64.135.173.19
445,Catlaina,Voaden,cvoadencc@microsoft.com,Female,99.236.75.192
446,Heinrik,Lankham,hlankhamcd@diigo.com,Male,84.68.224.224
447,Aeriel,Wingrove,awingrovece@qq.com,Female,154.183.59.175
448,Ellery,Butterwick,ebutterwickcf@un.org,Male,95.123.115.66
449,Tybi,Chrestien,tchrestiencg@smugmug.com,Female,200.196.224.91
450,Lyon,Romanetti,lromanettich@eepurl.com,Male,93.240.105.136
451,Artie,Caldeiro,acaldeiroci@miibeian.gov.cn,Male,109.75.167.105
452,Evangeline,Spikings,espikingscj@archive.org,Female,112.48.238.183
453,Jacynth,Bower,jbowerck@wisc.edu,Female,208.179.203.60
454,Merralee,Cavy,mcavycl@cmu.edu,Female,9.166.82.139
455,Eadmund,Challin,echallincm@hibu.com,Male,130.138.246.134
456,Erroll,Canas,ecanascn@bluehost.com,Male,89.36.125.23
457,Yolane,Laban,ylabanco@ihg.com,Female,46.3.128.150
458,Kassi,Davey,kdaveycp@un.org,Female,250.21.206.202
459,Michal,Colafate,mcolafatecq@e-recht24.de,Female,248.92.234.182
460,Darell,Hens,dhenscr@nytimes.com,Female,184.68.190.55
461,Valentin,Macknish,vmacknishcs@phpbb.com,Male,127.234.73.95
462,Nico,Stonestreet,nstonestreetct@networksolutions.com,Male,63.94.109.21
463,Clayson,Saterthwait,csaterthwaitcu@woothemes.com,Male,177.234.238.66
464,Matthaeus,Stains,mstainscv@opensource.org,Male,20.122.88.64
465,Sashenka,Ivett,sivettcw@diigo.com,Female,219.7.246.150
466,Henrie,Petrov,hpetrovcx@homestead.com,Female,38.115.130.136
467,Parker,Wellsman,pwellsmancy@delicious.com,Male,212.16.114.199
468,Trey,Haccleton,thaccletoncz@wired.com,Male,1.90.66.206
469,Miller,Hallaways,mhallawaysd0@hugedomains.com,Male,138.53.232.154
470,Tara,Kingswell,tkingswelld1@lycos.com,Female,109.61.90.9
471,Jobi,Myrkus,jmyrkusd2@disqus.com,Female,175.146.147.9
472,Isadora,Nix,inixd3@gizmodo.com,Female,83.221.209.194
473,Frank,Koppke,fkoppked4@alibaba.com,Female,219.143.110.231
474,Salvidor,Wann,swannd5@ox.ac.uk,Male,246.8.14.73
475,Hall,Parkhouse,hparkhoused6@rakuten.co.jp,Male,194.4.235.85
476,Dara,MacGinley,dmacginleyd7@cbsnews.com,Female,203.24.218.98
477,Klarika,Shuxsmith,kshuxsmithd8@google.es,Female,239.176.29.204
478,Winny,Rudwell,wrudwelld9@rakuten.co.jp,Female,17.172.47.49
479,Cleon,Loughren,cloughrenda@cbslocal.com,Male,140.188.94.68
480,Anna-diana,Hearnaman,ahearnamandb@loc.gov,Female,176.250.211.170
481,Janine,Flott,jflottdc@columbia.edu,Female,80.242.26.170
482,Jeremiah,Waddingham,jwaddinghamdd@friendfeed.com,Male,207.70.88.192
483,Guthry,Challinor,gchallinorde@fastcompany.com,Male,184.182.224.222
484,Leland,Lewens,llewensdf@jugem.jp,Male,24.252.165.2
485,Shurlock,Whitely,swhitelydg@aol.com,Male,163.46.72.227
486,Ivory,Kenzie,ikenziedh@google.ru,Female,25.61.18.49
487,Eberto,MacChaell,emacchaelldi@woothemes.com,Male,173.118.100.63
488,Wenonah,Sotworth,wsotworthdj@hud.gov,Female,236.152.30.226
489,Yorker,Savell,ysavelldk@usda.gov,Male,210.58.245.210
490,Evey,Weekly,eweeklydl@whitehouse.gov,Female,120.222.24.164
491,Callean,Measom,cmeasomdm@angelfire.com,Male,20.230.172.83
492,Angeline,Grisard,agrisarddn@fema.gov,Female,97.4.27.0
493,Tobi,Waby,twabydo@wikimedia.org,Female,137.117.107.188
494,Merlina,Celloni,mcellonidp@pinterest.com,Female,109.202.204.202
495,Iseabal,Chat,ichatdq@slashdot.org,Female,113.120.55.192
496,Sibella,Ganders,sgandersdr@acquirethisname.com,Female,217.75.103.4
497,Normy,Botger,nbotgerds@merriam-webster.com,Male,254.216.241.118
498,Karena,Dwelly,kdwellydt@census.gov,Female,64.176.142.224
499,Kirbee,Ivashechkin,kivashechkindu@indiegogo.com,Female,236.25.47.185
500,Margie,Pawden,mpawdendv@yahoo.com,Female,134.213.121.124
501,Eric,Burdell,eburdelldw@facebook.com,Male,134.36.6.213
502,Maure,Glawsop,mglawsopdx@usgs.gov,Female,252.248.200.128
503,Ramon,McKeown,rmckeowndy@free.fr,Male,40.16.24.62
504,Ferrell,Littlejohn,flittlejohndz@vimeo.com,Male,11.105.196.45
505,Arnold,Johnson,ajohnsone0@foxnews.com,Male,242.5.139.228
506,Julienne,Audsley,jaudsleye1@wufoo.com,Female,153.132.91.245
507,Dermot,Driscoll,ddriscolle2@csmonitor.com,Male,153.74.207.243
508,Freedman,de Almeida,fdealmeidae3@bluehost.com,Male,41.95.124.215
509,Jarret,Beveridge,jbeveridgee4@zdnet.com,Male,116.219.61.27
510,Shirleen,Gotts,sgottse5@sciencedirect.com,Female,72.56.251.67
511,Louis,Scawen,lscawene6@de.vu,Male,101.49.162.14
512,Konrad,Hofton,khoftone7@slashdot.org,Male,123.187.96.113
513,Ware,Arrigo,warrigoe8@live.com,Male,243.73.66.201
514,Octavius,Edgerton,oedgertone9@sourceforge.net,Male,140.103.186.46
515,Loy,Tilte,ltilteea@gov.uk,Male,197.51.237.83
516,Lucila,Harwick,lharwickeb@independent.co.uk,Female,82.129.50.180
517,Ileane,Tzarkov,itzarkovec@clickbank.net,Female,21.254.32.150
518,Joleen,Havis,jhavised@telegraph.co.uk,Female,126.182.218.59
519,Morse,Yerborn,myerbornee@aboutads.info,Male,199.237.102.218
520,Diahann,Juzek,djuzekef@bloomberg.com,Female,57.173.243.178
521,Batsheva,Spraggs,bspraggseg@slate.com,Female,121.63.224.213
522,Courtnay,Gullen,cgulleneh@baidu.com,Male,32.145.189.21
523,Harlen,Pieche,hpiecheei@acquirethisname.com,Male,179.202.0.176
524,Aylmer,Prowting,aprowtingej@bigcartel.com,Male,178.95.161.62
525,Doyle,Freear,dfreearek@dailymail.co.uk,Male,34.250.209.201
526,Galvin,Wheelhouse,gwheelhouseel@cisco.com,Male,16.75.25.58
527,Sheelah,Dicte,sdicteem@illinois.edu,Female,22.213.116.251
528,Turner,Poxson,tpoxsonen@spotify.com,Male,169.100.17.125
529,Stacee,Asker,saskereo@discuz.net,Male,134.66.125.89
530,Douglass,Slight,dslightep@hugedomains.com,Male,94.161.64.192
531,Ode,Stimson,ostimsoneq@devhub.com,Male,88.168.123.132
532,Frederigo,Stockings,fstockingser@privacy.gov.au,Male,84.121.219.75
533,Scott,Twigge,stwiggees@friendfeed.com,Male,96.29.70.143
534,Rosco,Grolmann,rgrolmannet@jimdo.com,Male,248.251.19.212
535,Olympe,Lathaye,olathayeeu@themeforest.net,Female,249.157.8.98
536,Celine,Benkin,cbenkinev@tuttocitta.it,Female,143.52.25.217
537,Kaye,Goody,kgoodyew@theguardian.com,Female,144.216.243.208
538,Maure,De Mitris,mdemitrisex@amazon.com,Female,86.178.18.92
539,Bobby,Feek,bfeekey@dion.ne.jp,Male,51.83.4.83
540,Clyve,Ford,cfordez@springer.com,Male,84.81.67.40
541,Tonye,Bembrigg,tbembriggf0@wunderground.com,Female,68.148.23.3
542,Buddie,Gunthorp,bgunthorpf1@amazon.com,Male,7.34.92.178
543,Averell,Cawthry,acawthryf2@seattletimes.com,Male,156.109.180.255
544,Pascal,Durdy,pdurdyf3@hao123.com,Male,76.59.52.174
545,Antonio,Bischoff,abischofff4@google.fr,Male,216.37.87.7
546,Cicely,Bassom,cbassomf5@scribd.com,Female,197.233.145.85
547,Griselda,Oldnall,goldnallf6@xinhuanet.com,Female,211.67.133.25
548,Zaria,Kermeen,zkermeenf7@sogou.com,Female,107.219.171.106
549,Benedict,Lynde,blyndef8@flavors.me,Male,24.9.151.139
550,Hailee,Croizier,hcroizierf9@reddit.com,Female,144.81.15.220
551,Conney,Mc Elory,cmceloryfa@alexa.com,Male,106.137.226.105
552,Chrisse,Chambers,cchambersfb@wordpress.com,Male,44.152.49.140
553,Bowie,Drane,bdranefc@wired.com,Male,137.47.53.248
554,Cornelle,Atwell,catwellfd@nydailynews.com,Female,196.198.202.85
555,Alister,Raddish,araddishfe@last.fm,Male,27.113.126.110
556,Ellwood,Hellard,ehellardff@cmu.edu,Male,82.62.88.163
557,Esdras,Chace,echacefg@yelp.com,Male,44.94.179.141
558,Darryl,Parrington,dparringtonfh@woothemes.com,Male,112.142.31.93
559,Rockey,Turton,rturtonfi@unc.edu,Male,100.29.113.6
560,Shirl,Craske,scraskefj@tiny.cc,Female,170.11.80.208
561,Amargo,Sapey,asapeyfk@bluehost.com,Female,109.239.242.171
562,Glynda,Howle,ghowlefl@mediafire.com,Female,42.215.95.153
563,Eba,Jannaway,ejannawayfm@wix.com,Female,198.40.209.139
564,Rodrique,MacKenney,rmackenneyfn@github.io,Male,41.82.149.156
565,Frederico,Fargher,ffargherfo@seattletimes.com,Male,179.180.101.191
566,Rebecka,Matcham,rmatchamfp@buzzfeed.com,Female,35.176.38.6
567,Ferdie,Bust,fbustfq@mashable.com,Male,51.214.46.29
568,Alayne,Ropking,aropkingfr@infoseek.co.jp,Female,155.180.69.87
569,Nonnah,Wadmore,nwadmorefs@wsj.com,Female,200.234.64.27
570,Timi,Rudledge,trudledgeft@behance.net,Female,231.160.226.104
571,Flossy,Sim,fsimfu@feedburner.com,Female,121.138.82.116
572,Eduardo,Bradforth,ebradforthfv@marketwatch.com,Male,81.53.113.177
573,Jeanne,Dunn,jdunnfw@fema.gov,Female,236.132.137.84
574,Lacey,Spinetti,lspinettifx@feedburner.com,Female,126.171.210.189
575,Monty,Peasnone,mpeasnonefy@cdbaby.com,Male,21.73.223.171
576,Coleman,Reddyhoff,creddyhofffz@weibo.com,Male,217.160.16.133
577,Barr,Endle,bendleg0@twitter.com,Male,250.114.63.1
578,Christa,Brahm,cbrahmg1@imageshack.us,Female,31.155.189.130
579,Dean,Fortnon,dfortnong2@stanford.edu,Male,7.94.97.49
580,Sim,Matous,smatousg3@globo.com,Male,201.88.3.242
581,Smith,Arrol,sarrolg4@nasa.gov,Male,148.234.103.86
582,Kylynn,Winscum,kwinscumg5@posterous.com,Female,8.212.226.28
583,Georges,Rabjohn,grabjohng6@shareasale.com,Male,122.175.185.60
584,Wes,Vell,wvellg7@forbes.com,Male,204.243.107.106
585,Thomasine,Clemmensen,tclemmenseng8@google.es,Female,247.123.122.81
586,Devon,Sreenan,dsreenang9@whitehouse.gov,Female,68.57.252.200
587,Leicester,Grossman,lgrossmanga@elpais.com,Male,78.86.118.94
588,Wally,Goold,wgooldgb@addthis.com,Male,31.184.218.220
589,Myron,Ffrench,mffrenchgc@dailymotion.com,Male,160.60.166.132
590,Pete,Slot,pslotgd@jalbum.net,Male,166.190.8.54
591,Correy,Cornell,ccornellge@tinyurl.com,Female,122.64.235.36
592,Corina,Filipyev,cfilipyevgf@fda.gov,Female,202.177.203.172
593,Miltie,Ellicock,mellicockgg@java.com,Male,136.197.95.29
594,Doti,Fantone,dfantonegh@washington.edu,Female,16.255.175.184
595,Jonathon,Maine,jmainegi@whitehouse.gov,Male,131.148.45.247
596,Leda,Athelstan,lathelstangj@mysql.com,Female,229.210.39.184
597,Ade,Lembrick,alembrickgk@kickstarter.com,Male,232.170.95.195
598,Betsey,Alflat,balflatgl@example.com,Female,12.149.124.16
599,Gil,Somerscales,gsomerscalesgm@ucsd.edu,Male,227.64.182.39
600,Gilburt,Moorcraft,gmoorcraftgn@ezinearticles.com,Male,136.160.13.3
601,Lynelle,Works,lworksgo@pcworld.com,Female,252.93.91.62
602,Veronique,Carlo,vcarlogp@mail.ru,Female,143.143.227.244
603,Milka,Huson,mhusongq@techcrunch.com,Female,140.229.107.168
604,Karyl,Bolwell,kbolwellgr@devhub.com,Female,64.226.216.44
605,Dayle,Franke,dfrankegs@hubpages.com,Female,86.50.53.104
606,Gunner,Listone,glistonegt@dagondesign.com,Male,32.93.60.162
607,Zondra,Ballister,zballistergu@reference.com,Female,64.67.37.165
608,Jens,Hasling,jhaslinggv@imdb.com,Male,113.23.113.25
609,Josiah,Circuit,jcircuitgw@google.ru,Male,169.6.82.168
610,Steven,Beresfore,sberesforegx@google.com.br,Male,104.210.178.115
611,Cal,Clift,ccliftgy@senate.gov,Female,81.176.7.255
612,Edvard,Tingey,etingeygz@a8.net,Male,106.184.138.97
613,Irwinn,Colly,icollyh0@pinterest.com,Male,63.27.249.151
614,Brana,Wheelband,bwheelbandh1@123-reg.co.uk,Female,68.35.204.89
615,Hazel,Scuse,hscuseh2@unicef.org,Female,204.30.196.11
616,Leona,Gully,lgullyh3@chicagotribune.com,Female,63.219.206.28
617,Modestia,Johnsee,mjohnseeh4@shutterfly.com,Female,17.201.252.243
618,Valentin,Birks,vbirksh5@last.fm,Male,206.73.97.165
619,Sidoney,Troni,stronih6@auda.org.au,Female,175.165.247.22
620,Pincas,McMurty,pmcmurtyh7@163.com,Male,74.22.145.32
621,Hyatt,Shenley,hshenleyh8@epa.gov,Male,133.211.34.226
622,Isabella,Lark,ilarkh9@usnews.com,Female,201.55.117.33
623,Foss,Spur,fspurha@pen.io,Male,159.35.123.242
624,Quinta,Hatterslay,qhatterslayhb@issuu.com,Female,44.239.249.9
625,Giacopo,Soanes,gsoaneshc@altervista.org,Male,36.241.179.116
626,Carolee,Gallone,cgallonehd@bbb.org,Female,17.66.89.33
627,Agustin,Kliemke,akliemkehe@freewebs.com,Male,243.101.197.139
628,Skye,Bottrell,sbottrellhf@pen.io,Male,134.190.67.202
629,Natasha,Tippetts,ntippettshg@people.com.cn,Female,63.120.36.177
630,Terese,Rolinson,trolinsonhh@printfriendly.com,Female,206.11.96.171
631,Meta,Krysztofowicz,mkrysztofowiczhi@netlog.com,Female,208.121.133.208
632,Martynne,Brayshaw,mbrayshawhj@vimeo.com,Female,20.9.210.58
633,Nikolia,Mateiko,nmateikohk@scientificamerican.com,Female,213.174.231.112
634,Bald,Mellings,bmellingshl@w3.org,Male,53.9.220.169
635,Fielding,Lavigne,flavignehm@weebly.com,Male,169.59.128.177
636,Marina,Greste,mgrestehn@goo.ne.jp,Female,171.140.178.169
637,Dorthea,Pevreal,dpevrealho@sciencedaily.com,Female,177.146.247.240
638,Datha,Klisch,dklischhp@sohu.com,Female,254.16.36.30
639,Rebeca,Mundle,rmundlehq@gmpg.org,Female,78.196.85.101
640,Delainey,Sturge,dsturgehr@theguardian.com,Male,241.222.241.216
641,Nicolina,Trotman,ntrotmanhs@yahoo.co.jp,Female,250.171.89.128
642,Clemmy,Scough,cscoughht@woothemes.com,Male,173.182.211.191
643,Theresa,Tirkin,ttirkinhu@storify.com,Female,231.175.73.173
644,Tanner,Mayor,tmayorhv@facebook.com,Male,218.172.237.66
645,Ev,Johanchon,ejohanchonhw@github.io,Male,14.63.48.85
646,Odelinda,Uwins,ouwinshx@ustream.tv,Female,161.102.20.193
647,Cora,Capini,ccapinihy@cpanel.net,Female,215.95.201.128
648,Liz,Cane,lcanehz@desdev.cn,Female,79.210.149.162
649,Madelena,Blare,mblarei0@microsoft.com,Female,149.230.230.237
650,Ferris,Astbury,fastburyi1@theguardian.com,Male,197.153.151.143
651,Thomasin,Reyna,treynai2@huffingtonpost.com,Female,161.72.221.149
652,Yelena,Claque,yclaquei3@umich.edu,Female,155.249.106.32
653,Mari,Collis,mcollisi4@ucsd.edu,Female,220.28.176.50
654,Nannette,Agius,nagiusi5@facebook.com,Female,4.177.226.76
655,Stephannie,Colliard,scolliardi6@businessinsider.com,Female,48.154.72.229
656,Christye,Mottershead,cmottersheadi7@senate.gov,Female,220.45.244.23
657,Leontyne,Orry,lorryi8@furl.net,Female,175.251.232.101
658,Hermina,McGrayle,hmcgraylei9@wunderground.com,Female,194.51.161.76
659,Trefor,Borrell,tborrellia@spiegel.de,Male,89.218.52.183
660,Charil,Pitchford,cpitchfordib@hc360.com,Female,159.172.19.148
661,Pauletta,Kelston,pkelstonic@seesaa.net,Female,249.176.14.250
662,Madelin,Jewar,mjewarid@gizmodo.com,Female,176.203.15.135
663,Elinor,Whetnell,ewhetnellie@washington.edu,Female,111.190.10.105
664,Georgette,Dominguez,gdominguezif@csmonitor.com,Female,228.245.102.49
665,Ofella,Meeke,omeekeig@cornell.edu,Female,250.217.88.226
666,Cori,Coen,ccoenih@so-net.ne.jp,Male,102.90.197.199
667,Cecily,Nevet,cnevetii@bloomberg.com,Female,168.71.190.56
668,Aldon,Ridulfo,aridulfoij@ted.com,Male,180.219.97.152
669,Lianna,Edser,ledserik@vinaora.com,Female,159.170.146.168
670,Bartholomew,Oglevie,boglevieil@engadget.com,Male,7.131.179.29
671,Torrie,Haimes,thaimesim@dropbox.com,Female,59.249.247.129
672,Oberon,Cowey,ocoweyin@privacy.gov.au,Male,161.160.123.5
673,Mehetabel,Bradnock,mbradnockio@soup.io,Female,113.244.168.112
674,Saunderson,Akaster,sakasterip@sciencedirect.com,Male,29.235.73.141
675,Estele,Twitty,etwittyiq@reference.com,Female,182.104.77.187
676,Willy,MacKilroe,wmackilroeir@globo.com,Male,66.171.250.46
677,Elisabet,Lovatt,elovattis@amazon.co.uk,Female,156.155.52.212
678,Welbie,Bebbington,wbebbingtonit@smugmug.com,Male,26.61.32.126
679,Louis,Blondelle,lblondelleiu@cam.ac.uk,Male,222.122.155.25
680,Deanne,Hoppner,dhoppneriv@apple.com,Female,219.155.228.13
681,Arleyne,Benyan,abenyaniw@gnu.org,Female,227.216.45.116
682,Rip,Dikelin,rdikelinix@cornell.edu,Male,194.66.192.16
683,Forest,Dillingstone,fdillingstoneiy@squidoo.com,Male,215.220.158.22
684,Lauritz,Romanetti,lromanettiiz@wired.com,Male,159.205.124.241
685,Normie,Creaven,ncreavenj0@amazon.co.uk,Male,102.73.192.140
686,Hulda,Astell,hastellj1@intel.com,Female,0.201.34.132
687,Gretal,Acom,gacomj2@marketwatch.com,Female,43.50.38.29
688,Sutton,Pumfrett,spumfrettj3@telegraph.co.uk,Male,254.178.85.171
689,Egan,Tomasik,etomasikj4@blinklist.com,Male,86.239.22.48
690,Lorrayne,Bercher,lbercherj5@ca.gov,Female,186.204.144.118
691,Feliks,Langhor,flanghorj6@nps.gov,Male,168.121.99.154
692,Sela,Freckingham,sfreckinghamj7@census.gov,Female,252.103.203.80
693,Virgilio,Kightly,vkightlyj8@vkontakte.ru,Male,179.161.169.131
694,Alia,Stanlick,astanlickj9@weibo.com,Female,244.185.61.213
695,Germaine,Prujean,gprujeanja@sphinn.com,Female,217.78.252.78
696,Hi,Balsillie,hbalsilliejb@earthlink.net,Male,121.226.107.47
697,Bryant,Rountree,brountreejc@histats.com,Male,98.67.206.96
698,Arny,Adamiak,aadamiakjd@weibo.com,Male,61.106.160.93
699,Cletis,Antoniazzi,cantoniazzije@economist.com,Male,54.74.185.191
700,Gib,Gartenfeld,ggartenfeldjf@github.com,Male,217.44.171.238
701,Armando,Jone,ajonejg@oaic.gov.au,Male,117.72.137.222
702,Cortie,Orred,corredjh@samsung.com,Male,72.76.236.234
703,Perla,Sharp,psharpji@aboutads.info,Female,237.79.39.5
704,Lilla,Teager,lteagerjj@meetup.com,Female,124.5.167.63
705,Rickard,Reading,rreadingjk@163.com,Male,147.22.251.163
706,Bailie,Kellet,bkelletjl@newyorker.com,Male,5.130.18.214
707,Kara,Iceton,kicetonjm@umich.edu,Female,214.27.135.246
708,Terra,Vallender,tvallenderjn@gmpg.org,Female,216.248.4.154
709,Zach,Shilladay,zshilladayjo@pbs.org,Male,0.29.33.20
710,Finley,Binder,fbinderjp@goodreads.com,Male,122.151.152.235
711,Eddie,Rumbold,erumboldjq@istockphoto.com,Male,187.50.185.59
712,Dav,Ander,danderjr@cloudflare.com,Male,198.110.3.252
713,Alberta,Gaytor,agaytorjs@desdev.cn,Female,25.92.189.167
714,Carri,Hacquoil,chacquoiljt@imageshack.us,Female,163.167.8.112
715,Alyda,Leonards,aleonardsju@nsw.gov.au,Female,235.45.192.102
716,Tedi,D'Acth,tdacthjv@harvard.edu,Female,171.95.9.242
717,Galvan,Fraschetti,gfraschettijw@nih.gov,Male,40.69.1.191
718,Rikki,Billin,rbillinjx@quantcast.com,Female,197.187.97.92
719,Brod,Brilon,bbrilonjy@ca.gov,Male,135.109.68.94
720,Norri,Ivshin,nivshinjz@simplemachines.org,Female,226.60.211.135
721,Gregoire,Dall,gdallk0@telegraph.co.uk,Male,191.191.26.106
722,Quent,Grimsdale,qgrimsdalek1@boston.com,Male,205.155.1.0
723,Krisha,Ogilvie,kogilviek2@yale.edu,Male,110.110.202.133
724,Denni,Knight,dknightk3@state.gov,Female,45.81.192.226
725,Denney,Greedier,dgreedierk4@dell.com,Male,198.209.46.48
726,Les,Crimmins,lcrimminsk5@alibaba.com,Male,77.218.123.121
727,Ruby,Arnau,rarnauk6@redcross.org,Female,104.48.120.153
728,Riane,Bedell,rbedellk7@google.nl,Female,206.40.24.154
729,Audrie,Ganning,aganningk8@boston.com,Female,103.208.212.206
730,Normand,Androli,nandrolik9@cyberchimps.com,Male,217.220.37.143
731,Elizabeth,Lett,elettka@ft.com,Female,172.37.88.6
732,John,Foker,jfokerkb@goo.ne.jp,Male,252.141.35.218
733,Alejandro,Rampage,arampagekc@parallels.com,Male,240.61.123.103
734,Tabina,Huchot,thuchotkd@icio.us,Female,103.218.89.121
735,Beau,Falk,bfalkke@census.gov,Male,169.77.88.101
736,Codie,Willcox,cwillcoxkf@flavors.me,Female,49.104.168.44
737,Stefanie,Nobles,snobleskg@youtube.com,Female,50.255.152.129
738,Umberto,Alldread,ualldreadkh@naver.com,Male,196.199.120.129
739,Beatrisa,Clowes,bcloweski@github.com,Female,194.49.149.99
740,Chrotoem,Ferro,cferrokj@webs.com,Male,209.104.214.41
741,Jo,De Brett,jdebrettkk@umich.edu,Female,244.137.222.45
742,Georgia,Skerm,gskermkl@unblog.fr,Female,6.108.17.195
743,Mae,Stubbington,mstubbingtonkm@webnode.com,Female,36.139.214.190
744,Roman,Croley,rcroleykn@yandex.ru,Male,112.82.176.57
745,Ken,Langdridge,klangdridgeko@prnewswire.com,Male,74.93.160.38
746,Allard,Wand,awandkp@vistaprint.com,Male,25.7.165.126
747,Janie,Dobrovsky,jdobrovskykq@friendfeed.com,Female,47.75.47.190
748,Penni,Cardenas,pcardenaskr@blogger.com,Female,116.191.174.217
749,Bradley,Madders,bmaddersks@de.vu,Male,190.239.250.3
750,Jeannette,Bonus,jbonuskt@etsy.com,Female,174.46.233.141
751,Adelbert,Mulcahy,amulcahyku@smh.com.au,Male,28.214.246.39
752,Ashton,Bowater,abowaterkv@bandcamp.com,Male,55.155.131.183
753,Jorie,Wadworth,jwadworthkw@youtu.be,Female,209.96.218.205
754,Gannon,Nagle,gnaglekx@amazon.co.uk,Male,225.224.87.214
755,Stanwood,Gellier,sgellierky@rediff.com,Male,199.184.83.211
756,Devlen,Townsend,dtownsendkz@addthis.com,Male,141.242.154.39
757,Georgianna,Schoenfisch,gschoenfischl0@free.fr,Female,112.62.228.142
758,Sloan,Liger,sligerl1@oaic.gov.au,Male,210.114.81.20
759,Morgen,Martusov,mmartusovl2@mayoclinic.com,Female,33.211.138.118
760,Ajay,Yarham,ayarhaml3@psu.edu,Female,176.116.84.72
761,Cordie,Shafe,cshafel4@google.it,Male,77.31.93.138
762,Enrichetta,Emsley,eemsleyl5@oracle.com,Female,52.108.231.87
763,Sherlocke,Coger,scogerl6@addthis.com,Male,151.30.57.43
764,Chilton,Perrie,cperriel7@theguardian.com,Male,127.112.139.112
765,Juan,Kearford,jkearfordl8@nytimes.com,Male,184.193.161.33
766,Ralf,Priddie,rpriddiel9@topsy.com,Male,34.223.115.105
767,Oralia,Bools,oboolsla@cnet.com,Female,234.126.9.21
768,Kele,Kimmitt,kkimmittlb@meetup.com,Male,128.141.78.1
769,Renaldo,Tabb,rtabblc@live.com,Male,167.197.254.78
770,Fancie,Hubball,fhubballld@live.com,Female,82.204.43.63
771,Veronica,Shakespeare,vshakespearele@a8.net,Female,81.129.161.117
772,Eldredge,Redmain,eredmainlf@diigo.com,Male,32.114.114.192
773,Teriann,Evemy,tevemylg@upenn.edu,Female,130.188.199.204
774,Roanna,Epp,repplh@earthlink.net,Female,175.180.122.105
775,Anette,Christin,achristinli@360.cn,Female,129.69.165.254
776,Anabella,Jaszczak,ajaszczaklj@spiegel.de,Female,129.201.29.115
777,Charlean,Simionato,csimionatolk@ehow.com,Female,45.18.113.123
778,Rosaline,Johnston,rjohnstonll@quantcast.com,Female,76.4.60.149
779,Jerrie,Abbie,jabbielm@1und1.de,Female,129.253.185.71
780,Jerad,Toothill,jtoothillln@goo.ne.jp,Male,4.250.136.218
781,Rocky,Forstall,rforstalllo@engadget.com,Male,43.197.14.185
782,Shina,Gartside,sgartsidelp@salon.com,Female,166.81.113.35
783,Sondra,Copelli,scopellilq@shop-pro.jp,Female,182.180.149.44
784,Kathrine,Fiander,kfianderlr@hubpages.com,Female,93.243.134.97
785,Son,Hasnip,shasnipls@dyndns.org,Male,64.73.203.24
786,Malina,Kopisch,mkopischlt@google.es,Female,110.231.246.49
787,Bryce,Chevers,bcheverslu@phpbb.com,Male,18.152.88.129
788,Red,Beaufoy,rbeaufoylv@reference.com,Male,103.36.31.10
789,Dennie,Tamburi,dtamburilw@nytimes.com,Male,36.22.212.84
790,Asa,Barbrick,abarbricklx@icio.us,Male,188.217.64.199
791,Gleda,Gellibrand,ggellibrandly@digg.com,Female,252.169.63.223
792,Marlon,Dancey,mdanceylz@msn.com,Male,42.72.126.25
793,Ardelia,Wisdom,awisdomm0@google.co.jp,Female,85.144.119.55
794,Jonathan,Lindblad,jlindbladm1@ucoz.com,Male,16.138.151.254
795,Nolan,Girth,ngirthm2@dagondesign.com,Male,153.119.102.34
796,Evangelina,Kiln,ekilnm3@dmoz.org,Female,150.119.200.36
797,Korella,Sywell,ksywellm4@msu.edu,Female,146.199.38.126
798,Calhoun,Erbain,cerbainm5@de.vu,Male,255.197.48.178
799,Garold,Addicott,gaddicottm6@g.co,Male,134.176.239.238
800,Mariel,Nappin,mnappinm7@macromedia.com,Female,113.197.239.29
801,Ardath,Trevena,atrevenam8@java.com,Female,252.120.166.82
802,Rayshell,Stainson,rstainsonm9@hubpages.com,Female,50.253.35.197
803,Marshal,Comber,mcomberma@yandex.ru,Male,150.122.238.134
804,Boot,Gleasane,bgleasanemb@ifeng.com,Male,250.64.195.237
805,Fleurette,Elliott,felliottmc@census.gov,Female,195.86.254.50
806,Filberto,MacMoyer,fmacmoyermd@alexa.com,Male,200.151.127.97
807,Ware,Hirche,whircheme@blogger.com,Male,102.253.84.198
808,Jarrod,Teese,jteesemf@cbslocal.com,Male,63.150.228.82
809,Fran,Mancell,fmancellmg@hostgator.com,Female,121.163.63.223
810,Hedda,Grimestone,hgrimestonemh@walmart.com,Female,68.174.113.123
811,Fiann,Panniers,fpanniersmi@shutterfly.com,Female,238.192.25.46
812,Sky,Palombi,spalombimj@163.com,Male,236.127.56.208
813,Garreth,Tallant,gtallantmk@sfgate.com,Male,87.50.21.181
814,Jackelyn,Jantot,jjantotml@mayoclinic.com,Female,5.1.148.189
815,Ynez,Peverell,ypeverellmm@phpbb.com,Female,160.19.202.83
816,Ellsworth,Brimman,ebrimmanmn@forbes.com,Male,199.98.226.32
817,Dee dee,Paulack,dpaulackmo@studiopress.com,Female,214.58.78.225
818,Morley,Kidney,mkidneymp@businessinsider.com,Male,74.1.127.119
819,Alberta,Jeary,ajearymq@sbwire.com,Female,187.181.141.53
820,Mateo,Hedgeman,mhedgemanmr@apple.com,Male,104.67.97.185
821,Pernell,Baress,pbaressms@purevolume.com,Male,22.193.75.89
822,Leonard,Helder,lheldermt@ebay.co.uk,Male,103.94.108.20
823,Alie,Naire,anairemu@statcounter.com,Female,102.121.11.210
824,Duffy,Jahncke,djahnckemv@amazonaws.com,Male,239.87.79.229
825,Durant,Piola,dpiolamw@arizona.edu,Male,1.112.171.76
826,Cathleen,Bafford,cbaffordmx@ft.com,Female,197.184.248.134
827,Adelice,Tomich,atomichmy@smh.com.au,Female,182.214.186.25
828,Nigel,Boecke,nboeckemz@usatoday.com,Male,54.146.160.111
829,Delainey,A'field,dafieldn0@mapquest.com,Male,72.147.249.130
830,Emile,Combes,ecombesn1@barnesandnoble.com,Male,9.129.107.63
831,Milissent,Kubecka,mkubeckan2@foxnews.com,Female,73.195.198.184
832,Gratia,Tethcote,gtethcoten3@prnewswire.com,Female,3.121.206.89
833,Marcus,Iorizzi,miorizzin4@w3.org,Male,175.198.79.10
834,Tildie,Klassman,tklassmann5@yelp.com,Female,145.212.186.111
835,Kimberley,Surman,ksurmann6@seesaa.net,Female,13.97.155.44
836,Cornela,Gawthrope,cgawthropen7@stumbleupon.com,Female,7.183.228.77
837,Drugi,Haney`,dhaneyn8@ask.com,Male,79.237.123.50
838,Thorsten,Capper,tcappern9@privacy.gov.au,Male,234.163.150.252
839,Nissy,Geeson,ngeesonna@live.com,Female,6.88.86.158
840,Karlis,Huddlestone,khuddlestonenb@pen.io,Male,149.162.110.43
841,Joela,MacMenamie,jmacmenamienc@unicef.org,Female,34.205.175.189
842,Levin,Dagon,ldagonnd@phpbb.com,Male,43.126.189.131
843,Welsh,Thwaites,wthwaitesne@chicagotribune.com,Male,149.73.150.172
844,Luisa,Pyper,lpypernf@yahoo.com,Female,156.104.1.130
845,Felicity,Mattityahou,fmattityahoung@eepurl.com,Female,217.32.127.209
846,Alec,Morales,amoralesnh@mayoclinic.com,Male,140.118.5.162
847,Abner,Lovie,alovieni@mapy.cz,Male,28.75.190.158
848,Marcellus,French,mfrenchnj@reference.com,Male,136.147.219.69
849,Deborah,Vinson,dvinsonnk@oakley.com,Female,96.76.88.85
850,Hilda,Snary,hsnarynl@flickr.com,Female,185.67.136.69
851,Brooks,Harkin,bharkinnm@princeton.edu,Female,73.9.66.95
852,Bruno,Coopman,bcoopmannn@usda.gov,Male,139.47.46.159
853,Tam,Durrance,tdurranceno@tuttocitta.it,Male,180.200.110.224
854,Colly,Havard,chavardnp@google.it,Female,184.33.174.120
855,Axel,Petrescu,apetrescunq@thetimes.co.uk,Male,102.128.46.150
856,Gilles,Saph,gsaphnr@cnn.com,Male,53.194.143.200
857,Troy,Crunkhurn,tcrunkhurnns@jimdo.com,Male,168.140.25.90
858,Ker,Blunsum,kblunsumnt@goo.gl,Male,167.187.201.91
859,Zuzana,Leythley,zleythleynu@hubpages.com,Female,48.242.103.181
860,Kiel,McFarlane,kmcfarlanenv@chronoengine.com,Male,136.168.20.31
861,Eric,Beverstock,ebeverstocknw@soup.io,Male,247.25.183.89
862,Esdras,Huntly,ehuntlynx@ed.gov,Male,239.96.121.99
863,Terencio,Hanley,thanleyny@unc.edu,Male,6.94.253.129
864,Hersch,Finder,hfindernz@altervista.org,Male,171.197.188.41
865,Andreana,Keatley,akeatleyo0@prlog.org,Female,79.161.46.139
866,Bibby,Matthias,bmatthiaso1@hp.com,Female,182.208.165.228
867,Gal,Giacomucci,ggiacomuccio2@businessweek.com,Male,136.0.129.189
868,Aeriela,Dinse,adinseo3@sfgate.com,Female,198.199.151.244
869,Vincenty,Turnock,vturnocko4@elegantthemes.com,Male,88.0.41.152
870,Livvy,Poulden,lpouldeno5@about.me,Female,161.11.1.116
871,Lauri,Cairns,lcairnso6@spiegel.de,Female,142.213.72.152
872,Blondelle,Stiggles,bstiggleso7@harvard.edu,Female,148.40.9.203
873,Donall,Petrashkov,dpetrashkovo8@archive.org,Male,215.198.152.9
874,Fabien,Painswick,fpainswicko9@shareasale.com,Male,75.95.126.31
875,Jyoti,Bertot,jbertotoa@twitter.com,Female,200.190.169.58
876,Shana,Spottswood,sspottswoodob@networksolutions.com,Female,186.199.182.70
877,Kerrin,Caslin,kcaslinoc@blogger.com,Female,176.235.206.60
878,Mateo,Stealey,mstealeyod@ucla.edu,Male,131.182.225.234
879,Warden,Jakoviljevic,wjakoviljevicoe@omniture.com,Male,77.120.33.73
880,Malina,Roffe,mroffeof@ihg.com,Female,157.39.88.8
881,Merilyn,Gaspero,mgasperoog@xinhuanet.com,Female,95.205.167.29
882,Opalina,Butfield,obutfieldoh@spotify.com,Female,220.167.250.164
883,Barbi,O'Hickee,bohickeeoi@theglobeandmail.com,Female,158.48.216.223
884,Jyoti,MacAne,jmacaneoj@histats.com,Female,70.76.18.19
885,Petey,Twigg,ptwiggok@mac.com,Male,55.104.1.132
886,Millie,Yukhtin,myukhtinol@unblog.fr,Female,166.217.57.78
887,Vivi,Brisard,vbrisardom@taobao.com,Female,6.126.74.69
888,Tony,Desorts,tdesortson@deliciousdays.com,Female,167.66.113.111
889,Augustina,Faithfull,afaithfulloo@edublogs.org,Female,73.101.156.199
890,Bev,Janning,bjanningop@blogspot.com,Male,23.125.171.242
891,Ainslee,Caseri,acaserioq@blogtalkradio.com,Female,129.218.20.61
892,Kippy,Deverson,kdeversonor@theglobeandmail.com,Male,181.119.25.84
893,Royal,Bumpus,rbumpusos@qq.com,Male,197.17.153.154
894,Ellie,Duffet,eduffetot@java.com,Female,84.190.149.64
895,Meade,MacAskill,mmacaskillou@netvibes.com,Male,18.245.215.97
896,Sophie,Newsham,snewshamov@desdev.cn,Female,0.12.48.141
897,Cybil,Dachs,cdachsow@marketwatch.com,Female,235.141.119.80
898,Isac,McCallion,imccallionox@jalbum.net,Male,227.134.245.98
899,Gabrila,Paddington,gpaddingtonoy@wiley.com,Female,130.80.117.161
900,Doloritas,Sparey,dspareyoz@marriott.com,Female,28.48.201.230
901,Danella,Gladdish,dgladdishp0@cmu.edu,Female,99.34.5.107
902,Lila,Wayvill,lwayvillp1@hud.gov,Female,122.78.53.69
903,Oliy,Lennie,olenniep2@ovh.net,Female,122.131.17.153
904,Zacharias,Klasing,zklasingp3@arizona.edu,Male,185.167.230.186
905,Annnora,Loweth,alowethp4@cargocollective.com,Female,218.1.94.106
906,Stafani,Floch,sflochp5@yellowbook.com,Female,125.17.125.156
907,Brian,Tegeller,btegellerp6@google.ca,Male,200.223.138.23
908,Quincey,Bowling,qbowlingp7@artisteer.com,Male,57.51.109.107
909,Gracia,Kenwood,gkenwoodp8@jimdo.com,Female,49.93.33.21
910,Tedie,Fasson,tfassonp9@yellowbook.com,Male,204.5.83.127
911,Garvy,Iacobetto,giacobettopa@google.ca,Male,225.56.50.48
912,Geraldine,Falla,gfallapb@zimbio.com,Female,6.117.16.253
913,Chad,Lamberton,clambertonpc@nhs.uk,Male,201.225.162.211
914,Alf,Mongin,amonginpd@vistaprint.com,Male,25.67.73.147
915,Clarie,Cranmore,ccranmorepe@scientificamerican.com,Female,25.191.99.214
916,Louisette,McGrouther,lmcgroutherpf@ucsd.edu,Female,16.57.232.40
917,Martino,Gerner,mgernerpg@google.pl,Male,42.206.121.227
918,Iorgos,Pentelow,ipentelowph@nbcnews.com,Male,249.112.235.142
919,Benyamin,Brettoner,bbrettonerpi@forbes.com,Male,153.113.209.66
920,Ebeneser,Coster,ecosterpj@indiatimes.com,Male,153.2.112.177
921,Rowena,Brockington,rbrockingtonpk@sohu.com,Female,243.3.34.230
922,Corry,McCalister,cmccalisterpl@abc.net.au,Female,34.103.78.162
923,Fonsie,Lulham,flulhampm@discovery.com,Male,145.143.253.0
924,Darby,Toderi,dtoderipn@odnoklassniki.ru,Male,51.188.65.118
925,Amabel,Shuter,ashuterpo@creativecommons.org,Female,142.187.194.139
926,Tripp,Ewdale,tewdalepp@hud.gov,Male,194.223.145.22
927,Ebeneser,Radeliffe,eradeliffepq@nymag.com,Male,155.11.18.85
928,Ewan,Antonescu,eantonescupr@narod.ru,Male,80.39.142.115
929,Lydon,Trolley,ltrolleyps@homestead.com,Male,126.156.3.111
930,Emmery,Arndt,earndtpt@bbb.org,Male,119.141.173.15
931,Antoni,Pharrow,apharrowpu@slideshare.net,Male,216.242.233.48
932,Norry,Stitch,nstitchpv@prlog.org,Male,247.252.80.123
933,Channa,Cliffe,ccliffepw@yellowpages.com,Female,0.255.138.170
934,Eberto,Braam,ebraampx@opensource.org,Male,66.172.163.251
935,Lawry,Zettler,lzettlerpy@twitter.com,Male,106.183.139.5
936,Irvine,Nieass,inieasspz@scientificamerican.com,Male,45.100.199.34
937,Christean,Menendes,cmenendesq0@blogger.com,Female,77.88.133.8
938,Prinz,Briztman,pbriztmanq1@edublogs.org,Male,114.144.76.52
939,Fey,Simonyi,fsimonyiq2@taobao.com,Female,164.244.156.154
940,Cyrillus,Critchard,ccritchardq3@taobao.com,Male,116.6.243.94
941,Kaiser,Dach,kdachq4@trellian.com,Male,232.85.164.244
942,Homer,Colbertson,hcolbertsonq5@cam.ac.uk,Male,62.1.62.120
943,Law,Baybutt,lbaybuttq6@geocities.com,Male,18.76.26.216
944,Benjie,Masedon,bmasedonq7@harvard.edu,Male,234.34.52.170
945,Toby,Bown,tbownq8@fema.gov,Female,85.131.4.213
946,Fabian,Crennan,fcrennanq9@twitpic.com,Male,196.4.142.157
947,Terencio,Anscott,tanscottqa@alibaba.com,Male,88.200.143.161
948,Judy,Turri,jturriqb@netvibes.com,Female,125.49.254.2
949,Kendrick,Fargher,kfargherqc@ca.gov,Male,86.83.214.113
950,Phillis,Renachowski,prenachowskiqd@nyu.edu,Female,228.96.67.180
951,Jacki,Mueller,jmuellerqe@theguardian.com,Female,182.227.101.179
952,Nev,Sambell,nsambellqf@baidu.com,Male,189.169.146.224
953,Sylvan,Saull,ssaullqg@cornell.edu,Male,174.115.238.138
954,Birgit,Edmonds,bedmondsqh@miibeian.gov.cn,Female,61.192.17.168
955,Anthe,Chellingworth,achellingworthqi@statcounter.com,Female,95.176.215.87
956,Maison,Shalloo,mshallooqj@unicef.org,Male,129.26.237.48
957,Bunny,Madgin,bmadginqk@cornell.edu,Female,8.161.34.249
958,Dick,Lyven,dlyvenql@jugem.jp,Male,202.143.85.242
959,Camel,Dicke,cdickeqm@narod.ru,Female,246.148.125.204
960,Elmer,Roj,erojqn@goodreads.com,Male,89.2.162.23
961,Zebedee,Belsham,zbelshamqo@jigsy.com,Male,146.181.113.28
962,Masha,Smythe,msmytheqp@weibo.com,Female,147.184.72.214
963,Felice,Camilleri,fcamilleriqq@usnews.com,Male,153.14.70.8
964,Trude,Digginson,tdigginsonqr@google.nl,Female,195.175.79.46
965,Leeanne,Leal,llealqs@elpais.com,Female,178.176.246.167
966,Vaughan,Stathers,vstathersqt@harvard.edu,Male,37.173.67.86
967,Orin,Roff,oroffqu@kickstarter.com,Male,252.188.175.84
968,Casi,Goldston,cgoldstonqv@addtoany.com,Female,102.250.209.14
969,Barnabe,Critch,bcritchqw@microsoft.com,Male,93.78.125.118
970,Ranee,McLane,rmclaneqx@cloudflare.com,Female,122.104.212.82
971,Danika,Lampet,dlampetqy@rediff.com,Female,74.103.185.62
972,Seumas,Skudder,sskudderqz@amazon.co.uk,Male,236.174.98.20
973,Brigida,Cosbee,bcosbeer0@goo.ne.jp,Female,121.45.196.218
974,Tobe,Paulat,tpaulatr1@omniture.com,Female,100.247.157.148
975,Maxi,Ruddiforth,mruddiforthr2@ifeng.com,Female,183.111.214.46
976,Paula,Makinson,pmakinsonr3@addthis.com,Female,6.189.140.37
977,Irena,Thireau,ithireaur4@mozilla.com,Female,8.201.7.116
978,Georgeanna,Parlott,gparlottr5@csmonitor.com,Female,196.91.222.41
979,Sheelagh,Jaine,sjainer6@printfriendly.com,Female,32.149.243.123
980,Verney,Masden,vmasdenr7@cnbc.com,Male,164.191.178.229
981,Guinevere,Zeal,gzealr8@noaa.gov,Female,211.237.246.115
982,Chas,Antwis,cantwisr9@symantec.com,Male,191.90.184.33
983,Brand,O'Loinn,boloinnra@ezinearticles.com,Male,91.74.123.43
984,Rod,Vonderdell,rvonderdellrb@upenn.edu,Male,241.173.138.27
985,Emelda,Hargess,ehargessrc@sfgate.com,Female,124.62.67.151
986,Wendy,Alekseev,walekseevrd@mlb.com,Female,22.158.24.9
987,Rhodie,Powdrill,rpowdrillre@techcrunch.com,Female,239.80.201.65
988,Moyra,Bawcock,mbawcockrf@acquirethisname.com,Female,220.154.2.66
989,Patty,Hesbrook,phesbrookrg@google.cn,Male,43.103.207.5
990,Orelee,Mottershead,omottersheadrh@desdev.cn,Female,235.125.192.75
991,Whitney,Stubs,wstubsri@uiuc.edu,Female,30.102.81.217
992,Mal,Dunley,mdunleyrj@sohu.com,Male,131.215.151.236
993,Clare,Mauchlen,cmauchlenrk@seesaa.net,Female,238.220.93.185
994,Bob,McMyler,bmcmylerrl@nydailynews.com,Male,232.164.245.194
995,Nobe,Lethebridge,nlethebridgerm@cnbc.com,Male,129.68.40.244
996,Robbyn,Battista,rbattistarn@google.cn,Female,214.120.213.162
997,Bogey,Legerton,blegertonro@vimeo.com,Male,207.76.23.138
998,Sim,Lambertini,slambertinirp@ustream.tv,Male,192.164.125.230
999,Cayla,Barttrum,cbarttrumrq@vistaprint.com,Female,130.86.3.225
1000,Bria,Pencot,bpencotrr@barnesandnoble.com,Female,78.22.190.13
